{
  "siteName": "AEROGEAR",
  "homeUrl": "index.html",
  "logo": {
    "src": "assets/img/logo.png",
    "alt": "AEROGEAR"
  },
  "nav": [
    {
      "label": "Home",
      "href": "index.html"
    },
    {
      "label": "Shop",
      "href": "shop.html"
    },
    {
      "label": "About",
      "href": "about-us.html"
    },
    {
      "label": "FAQ",
      "href": "faq.html"
    },
    {
      "label": "Contact",
      "href": "contact.html"
    }
  ],
  "theme": {
    "vars": {
      "primary-color": "#f76b6a",
      "secondary-color": "#f0686e",
      "btn-primary-border-radius": "0.25rem",
      "btn-primary-color": "#fff",
      "btn-primary-background-color": "#f76b6a",
      "btn-primary-border-color": "#f76b6a",
      "btn-primary-hover-color": "#fff",
      "btn-primary-background-hover-color": "#f0686e",
      "btn-primary-border-hover-color": "#f0686e",
      "btn-primary-font-weight": "500",
      "btn-secondary-border-radius": "0.25rem",
      "btn-secondary-color": "#f76b6a",
      "btn-secondary-background-color": "transparent",
      "btn-secondary-border-color": "#f76b6a",
      "btn-secondary-hover-color": "#fff",
      "btn-secondary-background-hover-color": "#f0686e",
      "btn-secondary-border-hover-color": "#f0686e",
      "btn-secondary-font-weight": "500",
      "heading-color": "#000",
      "title-color": "#000",
      "body-color": "#000",
      "body-background-color": "#fff",
      "body-font-size": "14px",
      "section-heading-color": "#000",
      "section-heading-font-size": "48px",
      "section-subheading-color": "#000",
      "section-subheading-font-size": "18px"
    }
  },
  "announcement": {
    "call": {
      "text": "Call: +91 790 009 8455",
      "href": "tel:+917900098455"
    },
    "message": "New year sale - 30% off",
    "link": {
      "text": "Shop on Amazon",
      "href": "https://www.amazon.in/stores/page/941C94E9-79FD-4688-A5D7-9779022CC8F6"
    }
  },
  "company": {
    "hq": {
      "title": "Corporate Headquarters",
      "address": "Ground Floor, Plot No. 11/12, Godown No. GN-289A, Shakir Compound, Patra shed, Dharavi Main Road, Gosia Galli, Dharavi, Mahim East, Mumbai Suburban, Maharashtra, 400017",
      "phone": "+91 790 009 8455",
      "phoneTel": "tel:+917900098455",
      "email": "office.nektonindia@gmail.com",
      "emailMailto": "mailto:office.nektonindia@gmail.com",
      "hours": "Monday \u2013 Friday: 9:00 AM \u2013 8:00 PM (GMT+5:30)"
    }
  }
}